filename,label
image0000355_png.rf.9f19825dffc684864d472691f14eb019.jpg,1
image0000359_png.rf.d6359f1e35d7f6eeab423bde326b2e5d.jpg,1
image0000361_png.rf.7adab434b5dd6b42b1d52d12fcedbc03.jpg,1
image0000400_png.rf.4b4d718392bdeece9be17baa1a6287a2.jpg,1
image0000402_png.rf.d31bc168f5bf8370692ca7d9abd7a6df.jpg,1
image0000411_png.rf.431fda8d8397aa45c33b0df8a7029edd.jpg,0
image0000413_png.rf.27c170bb9e1cf8ee3e6995f0b57e8d46.jpg,0
image0000415_png.rf.33dbf11827b26cb38ec2649dd7c5e7b6.jpg,0
image0000421_png.rf.88c60024e23550c12267ac37f2980d43.jpg,1
image0000424_png.rf.870bf6926fefdb9313741606f05540ca.jpg,1
image0000426_png.rf.492c29ebfff8d80c3b17dcc433e0930b.jpg,1
image0000429_png.rf.94a69274a80918b15ee7c952bc0d78e2.jpg,1
image0000433_png.rf.0a52f78e17c0dcbcf9ad8cd16ba2d140.jpg,0
image0000437_png.rf.bf1995b28e50fb20e6c0678b5c17b516.jpg,0
image0000487_png.rf.4daedaab1f41950c4bd7495f19a6e94b.jpg,0
image0000494_png.rf.de77231e8b301998ff1c40c02f2cd88f.jpg,0
image0000499_png.rf.81cc728ff174f12c33516e37d2c3ed94.jpg,1
image0000502_png.rf.1aa98d65d9feeb5a9fdca10ece230acb.jpg,1
image0000510_png.rf.3db3feda797caf62571a0711cf3dbdb2.jpg,0
image0000513_png.rf.af20a90f088d55eca90ac12d4ad49137.jpg,0
image0000516_png.rf.9efafe7453c3d30a6620531fc005ce32.jpg,0
image0000519_png.rf.5000c394510b3fc22e425c5a8e2c6df4.jpg,0
image0000525_png.rf.c1c61b30c4465ba84a4a9549694a1b0a.jpg,1
image0000529_png.rf.95fae569c1b004619746a2a816a779fd.jpg,1
image0000546_png.rf.21ec675f0d9e23df6010aec61f859850.jpg,0
image0000556_png.rf.5fc333292073ebd70cca1aafbc299edd.jpg,0
image0000560_png.rf.f079070fab0d68dc449fc6b860163e9e.jpg,1
image0000569_png.rf.e0ec0832f6012971a5b45beb741503c2.jpg,1
image0000576_png.rf.add5b5edf966c93c6d45e2a64f4e0c3b.jpg,0
image0000582_png.rf.6343bddf0bfc1330ad66679e275b0eb4.jpg,0
image0000589_png.rf.37ab655c9f7d9459f1314635e078a00a.jpg,0
image0000592_png.rf.81aa577c0f1e0d9bf57fe8d85a10f9a3.jpg,0
image0000605_png.rf.e1835c8bbcb6f8f04bfa3c05b2192992.jpg,1
image0000608_png.rf.30e436d5e845114f4825541bab0c3427.jpg,1
image0000611_png.rf.b5473b095954675759038a4b9c67419d.jpg,1
image0000649_png.rf.b740b84c393e78f12e1b455f3ea2bee3.jpg,0
image0000653_png.rf.e217b0953058489bd78cd8ea6fb68ee2.jpg,0
image0000679_png.rf.b7102a56bfb01c412bdc4d0a6c51c9f6.jpg,0
image0000683_png.rf.86bcc1181864227222ee61773cfef223.jpg,0
image0001022_png.rf.efafaa0f18521749781d271923e4e407.jpg,1
image0001031_png.rf.cc2c19493e8fd39b9ba261450277f643.jpg,1
image0001035_png.rf.52585138dd7707c25bba3fba72791307.jpg,1
image0001045_png.rf.4c69d97bdf771f885c910894008c059e.jpg,0
image0001051_png.rf.c9615545ddbeeea77ee4b5acc2fb49c6.jpg,0
image0001060_png.rf.3eccc76ddaeaa8b7af770cf67324df46.jpg,1
image0001066_png.rf.2ad774f97dbc68dea7b2c041c3434401.jpg,1
image0001075_png.rf.8aa323ae6b05bc401f779466005d7e57.jpg,1
image0001091_png.rf.9f5d036114efd758a14231826f0eeced.jpg,0
image0001095_png.rf.ca9f63e769b66cd51f3bdd30661a848c.jpg,0
image0001099_png.rf.cea0cb9a9dbfdb5429a384bcc566d3dc.jpg,0
image0001105_png.rf.42f765e8e533e4298485b73af2b0baf4.jpg,1
image0001110_png.rf.e75726a6f355f9e4498b444a3683ebfb.jpg,1
image0001114_png.rf.c7e43b76e02f70be28f2794ab6630ea8.jpg,0
image0001120_png.rf.ada4a89b65caee8d10e43de556b038f9.jpg,0
image0001130_png.rf.a5fd9b1f06c130f97ef6e135282fa947.jpg,1
